{
    "vi": 1,
    "ji": 0,
    "Ec (K)": 50000,
    "b": 0,
    "r0": 30,
    "seed": null,
    "potential_AB": "morse",
    "potential_BC": "buck",
    "potential_CA": "morse",
    "masses":{
        "ma": 1837.47165336,
        "mb": 1837.47165336,
        "mc": 73046.7897752 
    },
    "int_params":{
        "t_stop": 15,
        "r_stop": 60,
        "a_tol": 1E-8,
        "r_tol": 1E-9
    },
    "potential_params":{
        "AB":{
            "npts": 1000,
            "xmin": 0.5,
            "xmax": 10,
            "morse":{
                "re" : 1.40104284795, 
                "de" : 0.16456603489,
                "we" : 0.02005340207
            },
            "lj":{
                "m":6,
                "n":12,
                "re" : 1.40104284795, 
                "cm": 6.49902670540583931313,
                "cn": 64.16474114146757 
            },
            "buck":{
                "a": 167205.03207304262,
                "b": 8.494089813101883, 
                "c6": 6.49902670540583931313,
                "re" : 1.40104284795,
                "max": 0.2
            }
        },
        "BC":{
            "npts": 1000,
            "xmin": 1,
            "xmax": 14,
            "morse":
            {
                "re" : 3.79079033313,
                "de" : 0.06529228457,
                "we" : 0.00589498658
            },
            "lj":{
                "m": 6,
                "n": 12,
                "re" : 3.79079033313, 
                "cm":100.1, 
                "c12":38365.980245558436
            },
            "buck":{
                "a": 508.162571320063,
                "b": 2.820905669626857,
                "c6": 100.1,
                "re" : 2.5, 
                "max": 2
            }
        },
        "CA":{
            "npts": 1000,
            "xmin": 1,
            "xmax": 14,
            "morse":
            {
                "re" : 3.79079033313,
                "de" : 0.06529228457,
                "we" : 0.00589498658
            },
            "lj":{
                "m": 6,
                "n": 12,
                "re" : 3.79079033313, 
                "c6":100.1, 
                "c12":38365.980245558436
            },
            "buck":{
                "a": 508.162571320063,
                "b": 2.820905669626857,
                "re" : 2.5, 
                "c6": 100.1,
                "max": 2
            }
        }
    }
}