{
    "vi": 0,
    "ji": 0,
    "Ec (K)": 30000,
    "b": 0,
    "r0": 20,
    "seed": null,
    "potential_AB": "lj",
    "potential_BC": "lj",
    "potential_CA": "lj",
    "masses":{
        "ma": 1837.47165336,
        "mb": 1837.47165336,
        "mc": 73046.7897752 
    },
    "int_params":{
        "t_stop": 15,
        "r_stop": 45,
        "a_tol": 1E-8,
        "r_tol": 1E-9
    },
    "potential_params":{
        "AB":{
            "npts": 1000,
            "xmin": 0.8,
            "xmax": 20,
            "morse":{
                "re" : 1.40104284795, 
                "de" : 0.16456603489,
                "alpha" : 1.059493476908482
            },
            "lj":{
                "m":12,
                "n":6,
                "re" : 1, 
                "cm": 64.16474114146757,
                "cn": 6.49902670540583931313
            },
            "buck":{
                "a": 167205.03207304262,
                "b": 8.494089813101883, 
                "c6": 6.49902670540583931313,
                "re" : 1.6,
                "max": 0.2
            }
        },
        "BC":{
            "npts": 1000,
            "xmin": 2,
            "xmax": 14,
            "morse":
            {
                "re" : 3.79079033313,
                "de" : 0.06529228457,
                "alpha" : 0.6906412379896358
            },
            "lj":{
                "m": 12,
                "n": 6,
                "re" : 2, 
                "cn":100.1, 
                "cm":38365.980245558436
            },
            "buck":{
                "a": 508.162571320063,
                "b": 2.820905669626857,
                "c6": 100.1,
                "re" : 3.1, 
                "max": 2
            }
        },
        "CA":{
            "npts": 1000,
            "xmin": 2,
            "xmax": 14,
            "morse":
            {
                "re" : 3.79079033313,
                "de" : 0.06529228457,
                "alpha" : 0.6906412379896358
            },
            "lj":{
                "m": 12,
                "n": 6,
                "re" : 2, 
                "cn":100.1, 
                "cm":38365.980245558436
            },
            "buck":{
                "a": 508.162571320063,
                "b": 2.820905669626857,
                "re" : 2.5, 
                "c6": 100.1,
                "max": 2
            }
        }
    }
}