{
    "vi": 0,
    "ji": 0,
    "Ec (K)": 30000,
    "b": 0,
    "r0": 20,
    "seed": null,
    "masses":{
        "ma": 1837.47165336,
        "mb": 1837.47165336,
        "mc": 73046.7897752 
    },
    "int_params":{
        "npts": 500,
        "t_stop": 15,
        "r_stop": 30,
        "a_tol": 1E-8,
        "r_tol": 1E-9
    }
}