{
    "vi": 0,
    "ji": 0,
    "Ec (K)": 30000,
    "b": 0,
    "r0": 20,
    "seed": null,
    "masses":{
        "m1": 1837.47165336,
        "m2": 1837.47165336,
        "m3": 73046.7897752 
    },
    "int_params":{
        "npts": 500,
        "t_stop": 15,
        "r_stop": 30,
        "a_tol": 1E-8,
        "r_tol": 1E-9, 
        "delta_e": 1E-4
    }
}